GuestID,FirstName,LastName,Gender,DateOfBirth,Email,PhoneNumber,AddressLine1,AddressLine2,City,State,Country,IDProofType,IDProofNumber,RegistrationDate
1,Rahul,Khan,Male,2/25/2004,rahul.khan1@example.com,8590720650,170 Ring Road,Floor 2,Kolkata,WB,India,PAN,KMIMU7423C,3/18/2024
2,Sapna,Khan,Female,2/22/1992,sapna.khan2@example.com,6451671742,188 Park St,,Bhopal,MP,India,PAN,XQRTK4757D,3/19/2024
3,Rohit,Vats,Male,10/18/1999,rohit.vats3@example.com,8359799329,138 Ring Road,Tower 1,Gurugram,HR,India,Passport,P9708002,3/21/2024
4,Priya,Pandey,Female,4/21/1975,priya.pandey4@example.com,6313080912,34 Link Road,Opp. Mall,Ahmedabad,GJ,India,Passport,R8717220,3/21/2024
5,Kiran,Saxena,Female,9/5/1985,kiran.saxena5@example.com,6991201864,88 Link Road,Block A,Kolkata,WB,India,Passport,S3608291,3/14/2024
6,Suhail,Pandey,Male,10/2/2004,suhail.pandey6@example.com,7945538330,151 Sector 62,Phase II,Gurugram,HR,India,Aadhaar,3.63E+11,3/24/2024
7,Neha,Das,Female,11/26/1969,neha.das7@example.com,6215305809,157 Marine Drive,,Mumbai,MH,India,VoterID,MH4034239,3/25/2024
8,Rahul,Shah,Male,12/6/1995,rahul.shah8@example.com,7389158833,138 MG Road,Apt 4B,Bhopal,MP,India,VoterID,MP5297717,3/26/2024
9,Pallavi,Bijaoui,Female,5/22/1975,pallavi.bijaoui9@example.com,8520483318,32 Garden Road,Block A,Hyderabad,TG,India,Passport,Y3977182,3/27/2024
10,Neha,Bijaoui,Female,1/27/1978,neha.bijaoui10@example.com,7453701401,33 Marine Drive,,Pune,MH,India,PAN,GCUKC4250Q,3/28/2024
11,Harsh,Reddy,Male,12/19/1993,harsh.reddy11@example.com,7362524832,152 FC Road,Apt 4B,Kolkata,WB,India,VoterID,WB3212883,3/29/2024
12,Priya,Verma,Female,7/5/1966,priya.verma12@example.com,7917485791,17 FC Road,Block A,Noida,UP,India,Passport,P7127903,3/30/2024
13,Kiran,Suryavanshi,Female,6/20/1959,kiran.suryavanshi13@example.com,6673841380,129 Link Road,Suite 305,Pune,MH,India,PAN,GJUNA2918G,3/31/2024
14,Kavya,Yadav,Female,1/12/1965,kavya.yadav14@example.com,6948257062,115 FC Road,Floor 2,Lucknow,UP,India,VoterID,UP1750335,4/1/2024
15,Meera,Vats,Female,12/19/1960,meera.vats15@example.com,7650152837,9 Brigade Rd,,Bengaluru,KA,India,Passport,D5540765,4/2/2024
16,Vaibhav,Singh,Male,3/9/1973,vaibhav.singh16@example.com,7949445184,159 MG Road,Phase II,Gurugram,HR,India,Aadhaar,5.93E+11,4/3/2024
17,Karan,Singh,Male,4/28/1981,karan.singh17@example.com,6023788395,106 Garden Road,Apt 4B,Kolkata,WB,India,VoterID,WB1675856,4/4/2024
18,Rohit,Patel,Male,4/14/1966,rohit.patel18@example.com,7134536040,136 MG Road,Floor 2,Pune,MH,India,PAN,NPKFY1251G,4/5/2024
19,Sapna,Yadav,Female,1/2/2002,sapna.yadav19@example.com,6468854413,61 Marine Drive,Near Metro,Indore,MP,India,Passport,A1844817,4/6/2024
20,Nisha,Khan,Female,6/15/1986,nisha.khan20@example.com,6249803566,25 Garden Road,Block A,Delhi,DL,India,VoterID,DL3146053,4/7/2024
21,Girdhar,Khan,Male,7/28/1958,girdhar.khan21@example.com,8988791683,135 MG Road,Near Metro,Jaipur,RJ,India,PAN,CQEOE7883J,4/8/2024
22,Manish,Kapoor,Male,4/7/1971,manish.kapoor22@example.com,6110130494,129 Garden Road,Tower 1,Lucknow,UP,India,Passport,S1989483,4/9/2024
23,Govinda,Yadav,Male,9/6/1959,govinda.yadav23@example.com,6863212905,9 Ring Road,,Jaipur,RJ,India,PAN,QMUUY9694J,4/10/2024
24,Nisha,Verma,Female,11/26/1991,nisha.verma24@example.com,8327519620,65 Park St,Opp. Mall,Lucknow,UP,India,Passport,A1523221,4/11/2024
25,Aditi,Shah,Female,9/9/2006,aditi.shah25@example.com,8236671509,89 Link Road,Phase II,Mumbai,MH,India,Aadhaar,92643168730,4/12/2024
26,Janardan,Singh,Male,11/11/1969,janardan.singh26@example.com,7556660034,64 Marine Drive,Apt 4B,Ahmedabad,GJ,India,Passport,N7362810,4/13/2024
27,Janardan,Yadav,Male,11/11/1989,janardan.yadav27@example.com,6475595022,159 Garden Road,Apt 4B,Indore,MP,India,VoterID,MP1868754,4/14/2024
28,Divya,Sahu,Female,10/18/1992,divya.sahu28@example.com,6636692922,120 Ring Road,,Mumbai,MH,India,Passport,J3241209,4/15/2024
29,Aditi,Shah,Female,3/27/1986,aditi.shah29@example.com,7439677454,105 Link Road,Apt 4B,Chennai,TN,India,PAN,FOUGJ0626U,4/16/2024
30,Nikhil,Sahu,Male,6/22/1994,nikhil.sahu30@example.com,6985723921,119 Nehru Place,Block A,Indore,MP,India,Passport,Z4115248,4/17/2024
31,Isha,Pandey,Female,3/1/1995,isha.pandey31@example.com,9158885210,67 Garden Road,Tower 1,Indore,MP,India,VoterID,MP7544466,4/18/2024
32,Neha,Suryavanshi,Female,1/5/1981,neha.suryavanshi32@example.com,8301707782,78 Ring Road,Near Metro,Gurugram,HR,India,PAN,HIFQZ5894J,4/19/2024
33,Prashant,Das,Male,5/23/1960,prashant.das33@example.com,9554928438,103 Nehru Place,Near Metro,Lucknow,UP,India,Passport,N6423880,4/20/2024
34,Shreya,Gupta,Female,9/26/1977,shreya.gupta34@example.com,9843774045,43 Brigade Rd,Opp. Mall,Mumbai,MH,India,Aadhaar,2.82E+11,4/21/2024
35,Arjun,Patel,Male,2/10/1978,arjun.patel35@example.com,7636378793,33 Link Road,Floor 2,Noida,UP,India,Passport,U4954327,4/22/2024
36,Vaibhav,Sahu,Male,1/27/2003,vaibhav.sahu36@example.com,8019761766,39 Marine Drive,Near Metro,Bhopal,MP,India,PAN,ENFGW5653Y,4/23/2024
37,Meera,Kumar,Female,7/31/1967,meera.kumar37@example.com,6621641284,140 Brigade Rd,Tower 1,Kolkata,WB,India,PAN,BDWJZ6065R,4/24/2024
38,Kavya,Sharma,Female,11/10/1983,kavya.sharma38@example.com,7033445052,9 MG Road,Apt 4B,Bengaluru,KA,India,Aadhaar,3.95E+11,4/25/2024
39,Karan,Sharma,Male,1/7/1990,karan.sharma39@example.com,8031481687,125 Park St,Suite 305,Lucknow,UP,India,Aadhaar,2.31E+11,4/26/2024
40,Swati,Reddy,Female,12/19/1978,swati.reddy40@example.com,9488216507,83 Hitech City Rd,,Kolkata,WB,India,Passport,F6772443,4/27/2024
41,Vikram,Vats,Male,9/9/1991,vikram.vats41@example.com,6806726184,43 Sector 62,Opp. Mall,Pune,MH,India,Aadhaar,4.67E+11,4/28/2024
42,Aditi,Verma,Female,1/10/2005,aditi.verma42@example.com,9163633040,46 Park St,,Hyderabad,TG,India,PAN,FCYEZ4179Q,4/29/2024
43,Aditi,Singh,Female,7/8/1970,aditi.singh43@example.com,7066787233,153 Salt Lake Ave,Apt 4B,Mumbai,MH,India,PAN,WHSJD7404T,4/30/2024
44,Neha,Khan,Female,10/27/2005,neha.khan44@example.com,6061790884,85 Nehru Place,Suite 305,Chennai,TN,India,VoterID,TN7442712,5/1/2024
45,Rahul,Shah,Male,4/19/2003,rahul.shah45@example.com,6930599498,67 Sector 62,,Pune,MH,India,VoterID,MH9565387,5/1/2024
46,Priya,Gupta,Female,8/28/1987,priya.gupta46@example.com,9371286781,123 Brigade Rd,Suite 305,Kolkata,WB,India,Passport,A2730485,5/1/2024
47,Girdhar,Gupta,Male,5/29/1974,girdhar.gupta47@example.com,6969988130,185 Park St,Apt 4B,Kochi,KL,India,VoterID,KL4859582,5/4/2024
48,Riya,Shah,Female,2/15/1994,riya.shah48@example.com,7222419355,117 Sector 62,Block A,Kochi,KL,India,Aadhaar,8.36E+11,2/4/2026
49,Isha,Patel,Female,11/13/1977,isha.patel49@example.com,8963322304,43 FC Road,,Jaipur,RJ,India,VoterID,RJ8271337,4/2/2026
50,Meera,Mishra,Female,5/21/1981,meera.mishra50@example.com,7366804325,85 Salt Lake Ave,Apt 4B,Bhopal,MP,India,VoterID,MP1114298,4/9/2026
48,Riya,Shah,Female,2/15/1994,riya.shah48@example.com,7222419355,117 Sector 62,Block A,Kochi,KL,India,Aadhaar,8.36E+11,2/4/2026
